{"cameraMode":{"drawMode":0,"name":"Shaded","section":"Shading Mode"},"sceneLighting":false,"audioPlay":false,"sceneViewState":{"m_AlwaysRefresh":false,"showFog":true,"showSkybox":true,"showFlares":true,"showImageEffects":true,"showParticleSystems":true,"showVisualEffectGraphs":true,"m_FxEnabled":true},"in2DMode":false,"pivot":{"x":0.5489931106567383,"y":7.941798686981201,"z":37.66379165649414},"rotation":{"x":-0.23687037825584413,"y":-0.23146551847457887,"z":0.057826295495033267,"w":-0.9419078826904297},"size":0.17512157559394837,"orthographic":false}